Step,Reward
4096.0,-195.7857208251953
8192.0,-430.1736145019531
12288.0,-411.8333333333333
16384.0,-433.8039245605469
20480.0,-416.757573445638
24576.0,-450.05555216471356
28672.0,-453.09999593098956
32768.0,-487.73333740234375
36864.0,-500.0
40960.0,-488.3030293782552
45056.0,-500.0
49152.0,-500.0
53248.0,-500.0
57344.0,-500.0
61440.0,-500.0
65536.0,-500.0
69632.0,-500.0
73728.0,-500.0
77824.0,-500.0
81920.0,-500.0
86016.0,-500.0
90112.0,-500.0
94208.0,-500.0
98304.0,-500.0
