Step,Reward
4096.0,-195.7857208251953
8192.0,-411.05694580078125
12288.0,-409.77877129448785
16384.0,-410.24305216471356
20480.0,-416.80323961046
24576.0,-475.76666259765625
28672.0,-500.0
32768.0,-500.0
36864.0,-500.0
40960.0,-500.0
45056.0,-500.0
49152.0,-500.0
53248.0,-500.0
57344.0,-500.0
61440.0,-500.0
65536.0,-500.0
69632.0,-500.0
73728.0,-500.0
77824.0,-500.0
81920.0,-500.0
86016.0,-500.0
90112.0,-500.0
94208.0,-500.0
98304.0,-500.0
