Step,Reward
4096.0,-195.7857208251953
8192.0,-403.87037150065106
12288.0,-397.0281456841363
16384.0,-394.4236094156901
20480.0,-394.8649003770616
24576.0,-431.8888854980469
28672.0,-437.53333536783856
32768.0,-482.1481526692708
36864.0,-493.0416666666667
40960.0,-500.0
45056.0,-500.0
49152.0,-500.0
53248.0,-500.0
57344.0,-500.0
61440.0,-500.0
65536.0,-500.0
69632.0,-500.0
73728.0,-500.0
77824.0,-500.0
81920.0,-500.0
86016.0,-500.0
90112.0,-500.0
94208.0,-500.0
98304.0,-500.0
