Step,Reward
2048.0,-127.0
4096.0,-201.0
6144.0,-211.14285278320312
8192.0,-402.2900644938151
10240.0,-393.7795155843099
12288.0,-403.4911855061849
14336.0,-401.26353963216144
16384.0,-399.8333333333333
18432.0,-398.625
20480.0,-400.22222391764325
22528.0,-401.0
24576.0,-404.55555725097656
26624.0,-402.7179463704427
28672.0,-398.42857360839844
30720.0,-401.26666768391925
32768.0,-417.3999989827474
34816.0,-399.0
36864.0,-403.5757598876953
38912.0,-403.1904754638672
40960.0,-407.4545440673828
43008.0,-404.7999979654948
45056.0,-397.37037150065106
47104.0,-406.0
49152.0,-411.93333435058594
51200.0,-405.07407633463544
53248.0,-414.77777608235675
55296.0,-408.95238240559894
57344.0,-423.7000020345052
59392.0,-432.2222188313802
61440.0,-431.2999979654948
63488.0,-441.6111145019531
65536.0,-427.40000406901044
67584.0,-475.5
69632.0,-483.8333333333333
71680.0,-495.1111145019531
73728.0,-485.7999979654948
75776.0,-500.0
77824.0,-500.0
79872.0,-500.0
81920.0,-500.0
83968.0,-500.0
86016.0,-500.0
88064.0,-500.0
90112.0,-500.0
92160.0,-500.0
94208.0,-500.0
96256.0,-500.0
98304.0,-500.0
