Step,Reward
4096.0,-195.7857208251953
8192.0,-410.0
12288.0,-448.8461507161458
16384.0,-443.69444783528644
20480.0,-437.6111145019531
24576.0,-453.51514689127606
28672.0,-489.73333740234375
32768.0,-496.3333333333333
36864.0,-489.06667073567706
40960.0,-500.0
45056.0,-500.0
49152.0,-500.0
53248.0,-500.0
57344.0,-493.05555216471356
61440.0,-500.0
65536.0,-500.0
69632.0,-500.0
73728.0,-500.0
77824.0,-500.0
81920.0,-500.0
86016.0,-500.0
90112.0,-500.0
94208.0,-500.0
98304.0,-500.0
